URL de la imagen,Nombre del producto
https://gaming-cdn.com/images/products/5813/380x218/path-of-exile-2-pc-juego-steam-cover.jpg?v=1738263600,Path Of Exile 2
https://gaming-cdn.com/images/products/17813/380x218/the-stone-of-madness-pc-juego-steam-cover.jpg?v=1738263600,The Stone of Madness
https://gaming-cdn.com/images/products/10365/380x218/final-fantasy-vii-rebirth-pc-juego-steam-cover.jpg?v=1738263600,Final Fantasy VII Rebirth
https://gaming-cdn.com/images/products/17137/380x218/murky-divers-pc-juego-steam-cover.jpg?v=1738263600,Murky Divers
https://gaming-cdn.com/images/products/16993/380x218/farming-simulator-25-pc-mac-juego-steam-cover.jpg?v=1738263600,Farming Simulator 25
https://gaming-cdn.com/images/products/18312/380x218/miside-pc-juego-steam-cover.jpg?v=1738263600,MiSide
https://gaming-cdn.com/images/products/16902/380x218/los-sims-4-vida-y-mas-alla-pc-juego-ea-app-cover.jpg?v=1738263600,Los Sims 4 Vida y Más Allá
https://gaming-cdn.com/images/products/17120/380x218/aloft-pc-juego-steam-cover.jpg?v=1738263600,Aloft
https://gaming-cdn.com/images/products/17684/380x218/microsoft-flight-simulator-2024-pc-xbox-series-x-s-pc-xbox-series-x-s-juego-microsoft-store-cover.jpg?v=1738263600,Microsoft Flight Simulator 2024 (PC / Xbox Series X|S)
https://gaming-cdn.com/images/products/16831/380x218/assassin-s-creed-shadows-deluxe-edition-deluxe-edition-pc-juego-ubisoft-connect-cover.jpg?v=1738263600,Assassin’s Creed Shadows Deluxe Edition
https://gaming-cdn.com/images/products/442/380x218/minecraft-java-bedrock-edition-java-bedrock-edition-pc-juego-cover.jpg?v=1738263600,Minecraft: Java &amp; Bedrock Edition
https://gaming-cdn.com/images/products/4211/380x218/grand-theft-auto-v-premium-online-edition-premium-online-edition-pc-juego-rockstar-cover.jpg?v=1738263600,Grand Theft Auto V: Premium Online Edition
https://gaming-cdn.com/images/products/5813/380x218/path-of-exile-2-pc-juego-steam-cover.jpg?v=1738263600,Path Of Exile 2
https://gaming-cdn.com/images/products/18627/380x218/marvel-s-spider-man-2-digital-deluxe-edition-digital-deluxe-edition-pc-juego-steam-latin-america-cover.jpg?v=1738263600,Marvel&#039;s Spider-Man 2 Digital Deluxe Edition
https://gaming-cdn.com/images/products/414/380x218/no-man-s-sky-pc-mac-juego-steam-cover.jpg?v=1738263600,No Man&#039;s Sky
https://gaming-cdn.com/images/products/18626/380x218/marvel-s-spider-man-2-pc-juego-steam-latin-america-cover.jpg?v=1738263600,Marvel&#039;s Spider-Man 2
https://gaming-cdn.com/images/products/12253/380x218/xbox-game-pass-ultimate-3-meses-3-months-ultimate-xbox-series-x-s-xbox-one-pc-juego-microsoft-store-cover.jpg?v=1738263600,Xbox Game Pass Ultimate 3 Meses
https://gaming-cdn.com/images/products/17147/380x218/ea-sports-fc-25-pc-juego-steam-cover.jpg?v=1738263600,EA Sports FC 25
https://gaming-cdn.com/images/products/17813/380x218/the-stone-of-madness-pc-juego-steam-cover.jpg?v=1738263600,The Stone of Madness
https://gaming-cdn.com/images/products/10365/380x218/final-fantasy-vii-rebirth-pc-juego-steam-cover.jpg?v=1738263600,Final Fantasy VII Rebirth
https://gaming-cdn.com/images/products/141/380x218/guild-wars-2-2000-gems-pc-juego-ncsoft-cover.jpg?v=1738263600,Guild Wars 2: 2000 Gems
https://gaming-cdn.com/images/products/12738/450x258/hogwarts-legacy-deluxe-edition-deluxe-edition-pc-juego-steam-europe-us-canada-cover.jpg?v=1738263600,Hogwarts Legacy Deluxe Edition
https://gaming-cdn.com/images/products/13807/450x258/assetto-corsa-evo-pc-juego-steam-europe-us-canada-cover.jpg?v=1738263600,Assetto Corsa Evo
https://gaming-cdn.com/images/products/8701/450x258/forza-horizon-5-pc-xbox-one-xbox-series-x-s-pc-xbox-one-xbox-series-x-s-juego-microsoft-store-cover.jpg?v=1738263600,Forza Horizon 5 (PC / Xbox ONE / Xbox Series X|S)
https://gaming-cdn.com/images/products/17120/450x258/aloft-pc-juego-steam-cover.jpg?v=1738263600,Aloft
https://gaming-cdn.com/images/products/12335/380x218/no-more-room-in-hell-2-pc-juego-steam-cover.jpg?v=1738263600,No More Room In Hell 2
https://gaming-cdn.com/images/products/16776/380x218/farm-together-2-pc-mac-juego-steam-cover.jpg?v=1738263600,Farm Together 2
https://gaming-cdn.com/images/products/9050/380x218/metal-slug-tactics-pc-juego-steam-cover.jpg?v=1738263600,Metal Slug Tactics
https://gaming-cdn.com/images/products/18004/380x218/warhammer-40-000-inquisitor-martyr-hierophant-class-pc-juego-steam-cover.jpg?v=1738263600,"Warhammer 40,000: Inquisitor - Martyr - Hierophant Class"
https://gaming-cdn.com/images/products/10790/380x218/agents-of-mayhem-total-mayhem-bundle-xbox-one-xbox-series-x-s-total-mayhem-bundle-xbox-one-xbox-series-x-s-jeu-microsoft-store-etats-unis-cover.jpg?v=1738263600,Agents of Mayhem - Total Mayhem Bundle (Xbox ONE / Xbox Series X|S)
https://gaming-cdn.com/images/products/10652/380x218/farming-simulator-19-grimme-equipment-pack-pc-mac-jeu-steam-cover.jpg?v=1738263600,Farming Simulator 19 - GRIMME Equipment Pack
https://gaming-cdn.com/images/products/3211/380x218/the-sims-4-get-famous-pc-mac-game-ea-app-cover.jpg?v=1738263600,The Sims 4 Get Famous
